Tipo de Agente,Responsabilidade Principal,Ferramentas Típicas,Temperatura Ideal,Caso de Uso
"Researcher","Coleta e filtragem de informações","Web Search, APIs, Leitura de Docs","0.5","Pesquisa de mercado, Análise de tendências"
"Analyzer","Processamento e interpretação de dados","Pandas, NLTK, Visualização","0.3","Análise de dados, Extração de insights"
"Writer","Geração de conteúdo textual","Markdown, Correção Gramatical","0.7","Blogs, Relatórios, Documentação"
"Validator","Verificação de qualidade e precisão","Fact-Check, Linting, Testes","0.1","QA, Validação de saídas"
"Executor","Execução de código e ações","Python, APIs, Manipulação de Arquivos","0.2","Automação, Integração de sistemas"

Framework,Melhor Para,Curva Aprendizado,Complexidade,Escalabilidade,Comunidade
"LangChain/LangGraph","Fluxos complexos, RAG, APIs","Alta","Alta","Excelente","Muito Grande"
"AutoGen","Colaboração conversacional, Código","Média-Alta","Média","Boa","Grande"
"CrewAI","Prototipagem rápida, Papéis","Baixa","Média","Boa","Crescente"
"LM Studio","Modelos locais, Mac Silicon","Baixa","Baixa","Limitada","Média"
"Open WebUI","Interface de chat, Testes","Muito Baixa","Baixa","Limitada","Pequena"

Técnica,Descrição,Quando Usar,Exemplo,Complexidade
"Zero-Shot","Sem exemplos, apenas instrução","Tarefas simples, conhecimento geral","""Qual é a capital da França?""","Baixa"
"Few-Shot","Alguns exemplos de entrada-saída","Tarefas específicas, formatos customizados","Classificação com 3 exemplos","Média"
"Chain-of-Thought (CoT)","Mostrar passos de raciocínio","Problemas matemáticos, lógica complexa","""Vamos pensar passo a passo...""","Média"
"Zero-Shot CoT","CoT sem exemplos","Raciocínio rápido sem exemplos","""Pense antes de responder""","Média"
"Few-Shot CoT","CoT com exemplos","Raciocínio complexo com padrão","Exemplos com passos explícitos","Alta"
"ReAct","Raciocínio + Ação com ferramentas","Agentes que usam APIs/ferramentas","Thought → Action → Observation","Alta"
"Self-Consistency","Múltiplas gerações + votação","Tarefas críticas, alta precisão","Gerar 5 respostas, escolher maioria","Muito Alta"
"Prompt Chaining","Sequência de prompts","Tarefas de múltiplos passos","Extração → Categorização → Resumo","Alta"

## Base de Conhecimento GEM_EXPERT: Arquiteturas e Implementação de Sistemas Multiagentes

**NOTA IMPORTANTE:** Como uma IA, não consigo acessar URLs externas em tempo real. As informações contidas neste documento foram geradas com base no seu pedido estrutural, nos títulos e escopo de cada URL fornecida (interpretando-as como fontes de conteúdo sobre multiagentes, fine-tuning e prompts) e no meu conhecimento geral sobre os tópicos solicitados. A integração de dados *específicos* de cada NotebookLM seria feita por um humano após a importação deste documento. Este material visa fornecer uma estrutura robusta e conteúdo relevante para que o NotebookLM do GEM_EXPERT possa ser alimentado e otimizado.

### Índice

1.  **SEÇÃO 1: INTRODUÇÃO E CONTEXTO**
    1.1. Visão Geral do Projeto
    1.2. Objetivos Principais
    1.3. Escopo e Limitações
    1.4. Público-Alvo
2.  **SEÇÃO 2: ARQUITETURA DE MULTIAGENTES**
    2.1. Padrão de Design de Multiagentes
    2.2. Componentes Principais
        2.2.1. Orchestrator (Orquestrador)
        2.2.2. Agents (Agentes)
        2.2.3. Tools (Ferramentas)
        2.2.4. Memory (Memória)
    2.3. Fluxo de Comunicação entre Agentes
    2.4. Diagrama Conceitual de Multiagentes
    2.5. Padrões de Coordenação
        2.5.1. Sequencial
        2.5.2. Paralelo
        2.5.3. Hierárquico
3.  **SEÇÃO 3: ESTRUTURA DE AGENTES**
    3.1. Definição de Agent Base
    3.2. Tipos de Agentes e suas Configurações
        3.2.1. Agente Pesquisador (Researcher)
        3.2.2. Agente Analista (Analyzer)
        3.2.3. Agente Escritor (Writer)
        3.2.4. Agente Validador (Validator)
        3.2.5. Agente Executor (Executor)
    3.3. Exemplos de Prompts Estruturados
4.  **SEÇÃO 4: ANÁLISE DE CÓDIGOS DE PROJETOS ATUAIS**
    4.1. Padrões Identificados e Anti-Padrões
    4.2. Problemas Comuns Encontrados
        4.2.1. Hardcoding de Credenciais
        4.2.2. Falta de Tratamento de Erros e Retries
        4.2.3. Orquestração Rígida
        4.2.4. Prompts Pouco Estruturados
        4.2.5. Ausência de Observabilidade
        4.2.6. Gerenciamento Inadequado de Contexto/Memória
    4.3. Refatorações Recomendadas
    4.4. Exemplos de Código Antes/Depois
        4.4.1. Refatoração: Credenciais Seguras
        4.4.2. Refatoração: Tratamento de Erros e Retries
        4.4.3. Refatoração: Orquestração Dinâmica
    4.5. Checklist de Correções de Código
5.  **SEÇÃO 5: IMPLEMENTAÇÃO PRÁTICA**
    5.1. Setup do Ambiente de Desenvolvimento
        5.1.1. Pré-requisitos de Hardware e Software
        5.1.2. Instalação de Ferramentas Essenciais
    5.2. Instalação de Dependências Python
    5.3. Configuração de Variáveis de Ambiente
    5.4. Scripts de Inicialização de Projeto
    5.5. Testes e Validação Inicial
6.  **SEÇÃO 6: INTEGRAÇÃO COM NOTEBOOKLM**
    6.1. Como Estruturar Documentos para NotebookLM
    6.2. Melhores Práticas de Formatação para NotebookLM
    6.3. Otimização para Análise de IA (GEM_EXPERT)
    6.4. Exemplos de Prompts Efetivos para NotebookLM
7.  **SEÇÃO 7: MELHORES PRÁTICAS**
    7.1. Padrões de Design para Multiagentes
    7.2. Tratamento de Erros e Resiliência
    7.3. Logging e Monitoramento
    7.4. Segurança e Privacidade
    7.5. Performance e Otimização
8.  **SEÇÃO 8: TROUBLESHOOTING E FAQ**
    8.1. Problemas Comuns e Soluções
    8.2. Perguntas Frequentes (FAQ)
    8.3. Recursos Adicionais
9.  **SEÇÃO 9: CONCLUSÕES E PRÓXIMOS PASSOS**
    9.1. Resumo Executivo
    9.2. Recomendações Finais
    9.3. Roadmap Futuro para GEM_EXPERT
    9.4. Contatos e Suporte

---

### **1. SEÇÃO 1: INTRODUÇÃO E CONTEXTO**

#### **1.1. Visão Geral do Projeto**

Este documento serve como a base de conhecimento central para o GEM_EXPERT no Google NotebookLM, com foco na arquitetura, desenvolvimento e otimização de sistemas de Agentes e Multiagentes (M.A.S.). A crescente complexidade das tarefas que as IAs podem realizar exige uma abordagem modular e colaborativa, onde múltiplos agentes especializados interagem para atingir um objetivo comum. Este projeto visa padronizar a metodologia de construção, o fine-tuning e a implantação desses sistemas, garantindo escalabilidade, manutenibilidade e alta performance.

#### **1.2. Objetivos Principais**

*   **Padrão de Arquitetura:** Estabelecer um padrão de arquitetura robusto e flexível para sistemas multiagentes.
*   **Otimização de Desempenho:** Fornecer diretrizes para fine-tuning e engenharia de prompts que otimizem o desempenho e a confiabilidade dos agentes.
*   **Refatoração de Código:** Identificar e corrigir anti-padrões em códigos de projetos existentes, promovendo melhores práticas de desenvolvimento.
*   **Base de Conhecimento Centralizada:** Criar um recurso abrangente e facilmente acessível no NotebookLM para toda a equipe.
*   **Portabilidade e Flexibilidade:** Capacitar a equipe a implantar agentes em ambientes online (APIs) e offline (Mac Silicon com LM Studio).

#### **1.3. Escopo e Limitações**

**Escopo:**
*   Design de arquiteturas multiagentes.
*   Engenharia de prompts para agentes individuais e coordenação.
*   Configuração de ambientes de desenvolvimento local (Mac Silicon) e em nuvem (OpenAI API).
*   Análise e refatoração de código Python para sistemas agênticos.
*   Estratégias de teste, monitoramento e otimização.

**Limitações:**
*   Este documento foca primariamente em LLMs baseados em texto e geração de código. Modelos multimodais serão abordados em profundidade em um módulo separado.
*   A implementação de interfaces de usuário avançadas (front-end) para interação com agentes não é o foco principal.
*   Não cobre deep learning fundamental ou pesquisa em LLMs, mas sim sua aplicação em sistemas agênticos.

#### **1.4. Público-Alvo**

*   **Desenvolvedores:** Que implementam agentes e multiagentes.
*   **Arquitetos de IA:** Responsáveis pelo design e escalabilidade de sistemas agênticos.
*   **Engenheiros de Machine Learning:** Que realizam fine-tuning e otimização de modelos.
*   **Gerentes de Produto:** Que precisam entender as capacidades e limitações da tecnologia multiagente.

---

### **2. SEÇÃO 2: ARQUITETURA DE MULTIAGENTES**

#### **2.1. Padrão de Design de Multiagentes**

Sistemas multiagentes são um padrão de design poderoso onde múltiplos agentes autônomos, cada um com suas próprias capacidades, objetivos e conjuntos de ferramentas, colaboram para resolver problemas complexos que seriam difíceis ou impossíveis para um único agente. A chave para o sucesso é a **orquestração** e a **comunicação** eficiente entre eles.

#### **2.2. Componentes Principais**

##### **2.2.1. Orchestrator (Orquestrador)**

O Orchestrator é o cérebro central do sistema multiagente. Ele é responsável por:
*   Receber a tarefa inicial do usuário.
*   Decompor a tarefa em subtarefas menores.
*   Atribuir subtarefas aos agentes apropriados.
*   Gerenciar o fluxo de trabalho e a ordem de execução.
*   Consolidar os resultados dos agentes e apresentá-los ao usuário.
*   Gerenciar o estado geral da interação.

##### **2.2.2. Agents (Agentes)**

Cada Agente é uma entidade autônoma com um papel, objetivo e conjunto de habilidades (tools) específicos.
*   **Role (Papel):** Define a "persona" do agente (ex: "analista financeiro", "programador Python").
*   **Goal (Objetivo):** A tarefa ou resultado que o agente se esforça para alcançar.
*   **Backstory (Histórico):** Contexto adicional para refinar o comportamento do agente.
*   **Capabilities (Capacidades):** As funções e ferramentas que o agente pode utilizar.

##### **2.2.3. Tools (Ferramentas)**

Ferramentas são funções ou APIs externas que os agentes podem chamar para interagir com o mundo real ou acessar informações específicas.
*   **Exemplos:** Ferramentas de busca na web, APIs de banco de dados, interpretadores de código, ferramentas de e-mail, APIs de sistemas internos.
*   **Interface:** Geralmente wrappers Python em torno de APIs externas, definidos de forma que o LLM possa invocá-los.

##### **2.2.4. Memory (Memória)**

A memória permite que os agentes mantenham o contexto e aprendam com interações passadas.
*   **Tipos:**
    *   **Short-term Memory (Memória de Curto Prazo):** O histórico da conversa atual ou do fluxo de trabalho. Essencial para manter a coerência.
    *   **Long-term Memory (Memória de Longo Prazo):** Bases de conhecimento externas, RAG (Retrieval Augmented Generation), embeddings de documentos, permitindo que os agentes acessem informações além do contexto imediato do prompt.
*   **Implementação:** Bancos de dados vetoriais, caches Redis, ou mesmo arquivos de texto estruturados.

#### **2.3. Fluxo de Comunicação entre Agentes**

A comunicação é o mecanismo pelo qual os agentes trocam informações, solicitam ajuda ou delegam tarefas.
*   **Mensagens Estruturadas:** Utilização de formatos padronizados (JSON, XML ou mensagens de texto bem definidas) para facilitar a interpretação.
*   **Tópicos/Canais:** Agentes podem publicar mensagens em tópicos específicos ou enviar mensagens diretas.
*   **Feedback Loops:** Agentes fornecem feedback sobre o progresso ou resultados de suas tarefas.

#### **2.4. Diagrama Conceitual de Multiagentes**

```
                  +-----------------------+
                  |                       |
                  |     ORCHESTRATOR      |
                  |                       |
                  +-----------+-----------+
                              |
                              | Decompõe Tarefa / Atribui
                              v
          +-----------------------------------------+
          |           FLUXO DE COMUNICAÇÃO          |
          |       (Mensagens Estruturadas, Eventos) |
          +-----------------------------------------+
                    ^          ^          ^
                    |          |          | Comunica / Colabora
                    v          v          v
+------------+  +------------+  +------------+  +------------+
|  AGENT_A   |  |  AGENT_B   |  |  AGENT_C   |  |  AGENT_N   |
| (Pesquisador)|  | (Analista) |  | (Escritor) |  | (Executor) |
+------------+  +------------+  +------------+  +------------+
      |               |               |               |
      | Usa Ferramentas | Usa Ferramentas | Usa Ferramentas | Usa Ferramentas
      v               v               v               v
+------------+  +------------+  +------------+  +------------+
|   TOOL_1   |  |   TOOL_2   |  |   TOOL_3   |  |   TOOL_N   |
| (Web Search)|  | (Data Proc)|  | (Code Gen) |  | (API Call) |
+------------+  +------------+  +------------+  +------------+
      ^               ^               ^               ^
      |               |               |               |
      +---------------+---------------+---------------+
                      |
                      | Acessa / Atualiza
                      v
            +-----------------------+
            |                       |
            |         MEMORY        |
            | (Short-term & Long-term)|
            +-----------------------+
```

#### **2.5. Padrões de Coordenação**

##### **2.5.1. Sequencial**

*   **Descrição:** Os agentes executam tarefas em uma ordem predefinida. A saída de um agente serve como entrada para o próximo.
*   **Vantagens:** Simples de entender e implementar, fácil de depurar.
*   **Desvantagens:** Baixa tolerância a falhas (uma falha interrompe toda a cadeia), não aproveita o paralelismo.
*   **Caso de Uso:** Processos de múltiplos passos como pesquisa -> análise -> escrita.

##### **2.5.2. Paralelo**

*   **Descrição:** Múltiplos agentes trabalham em subtarefas independentes simultaneamente. O Orchestrator reúne e sintetiza os resultados.
*   **Vantagens:** Rápido, alta escalabilidade, tolerância a falhas (a falha de um agente não impede os outros).
*   **Desvantagens:** Dificuldade na síntese de resultados conflitantes ou redundantes.
*   **Caso de Uso:** Coleta de dados de múltiplas fontes, geração de múltiplas perspectivas sobre um tópico.

##### **2.5.3. Hierárquico**

*   **Descrição:** Agentes são organizados em uma estrutura de líder-seguidor ou de árvore. Um agente de nível superior delega tarefas a agentes de nível inferior e supervisiona seu progresso.
*   **Vantagens:** Melhor gerenciamento de complexidade, delegação eficiente, robustez.
*   **Desvantagens:** Pode ser complexo de projetar e implementar.
*   **Caso de Uso:** Agente "Gerente de Projeto" que supervisiona "Analistas" e "Codificadores".

---

### **3. SEÇÃO 3: ESTRUTURA DE AGENTES**

#### **3.1. Definição de Agent Base**

Todos os agentes herdam de uma classe base que define atributos e métodos comuns, garantindo consistência e reutilização de código.

```python
# agent_base.py
import os
from dotenv import load_dotenv
from abc import ABC, abstractmethod
from typing import List, Dict, Any, Optional

class AgentBase(ABC):
    def __init__(self, name: str, role: str, goal: str, backstory: str, llm_config: Dict[str, Any]):
        self.name = name
        self.role = role
        self.goal = goal
        self.backstory = backstory
        self.llm_config = llm_config
        self.tools: List[Any] = [] # Ferramentas específicas do agente

        # Carregar LLM com base na configuração (ex: OpenAI, LM Studio)
        self.llm = self._initialize_llm(llm_config)
        print(f"Agente {self.name} inicializado com LLM: {llm_config.get('model', 'local')}")

    @abstractmethod
    def _initialize_llm(self, config: Dict[str, Any]) -> Any:
        """Inicializa o modelo LLM com base na configuração."""
        pass

    @abstractmethod
    def perform_task(self, task_description: str, context: Optional[Dict[str, Any]] = None) -> Any:
        """Executa a tarefa principal do agente."""
        pass

    def add_tool(self, tool: Any):
        """Adiciona uma ferramenta ao agente."""
        self.tools.append(tool)
        print(f"Ferramenta {tool.__class__.__name__} adicionada ao {self.name}.")

    def _format_prompt(self, task: str, context: Optional[Dict[str, Any]] = None) -> str:
        """Formata o prompt base para o LLM."""
        system_prompt = f"Você é {self.role}. Seu objetivo é {self.goal}. {self.backstory}\n"
        if self.tools:
            system_prompt += f"Você tem acesso às seguintes ferramentas: {[t.name for t in self.tools]}.\n"
        
        user_prompt = f"Tarefa: {task}\n"
        if context:
            user_prompt += f"Contexto Adicional: {context}\n"
        
        return system_prompt + user_prompt

# Exemplo de como um LLM pode ser inicializado
# (Adaptar conforme a biblioteca - LangChain, AutoGen, etc.)
# def _initialize_llm(self, config: Dict[str, Any]):
#     if config.get("provider") == "openai":
#         from langchain_openai import ChatOpenAI
#         load_dotenv()
#         api_key = os.getenv("OPENAI_API_KEY")
#         if not api_key:
#             raise ValueError("OPENAI_API_KEY não encontrada nas variáveis de ambiente.")
#         return ChatOpenAI(
#             model=config.get("model", "gpt-4o"),
#             temperature=config.get("temperature", 0.7),
#             api_key=api_key
#         )
#     elif config.get("provider") == "local_lm_studio":
#         from langchain_openai import ChatOpenAI
#         return ChatOpenAI(
#             model=config.get("model", "local-model"),
#             openai_api_key="not-needed", # LM Studio ignora
#             base_url=config.get("base_url", "http://localhost:1234/v1")
#         )
#     # Adicionar mais provedores conforme necessário
#     raise ValueError(f"Provedor LLM desconhecido: {config.get('provider')}")

```

#### **3.2. Tipos de Agentes e suas Configurações**

##### **3.2.1. Agente Pesquisador (Researcher)**

*   **Responsabilidades:** Coletar informações de fontes diversas (web, bancos de dados, documentos), filtrar ruído, identificar fatos relevantes.
*   **Capacidades:** Ferramentas de busca web (Google Search, DuckDuckGo), ferramentas de leitura de documentos (PDF, HTML), APIs de bancos de dados.
*   **Configuração:**
    *   `name`: "GlobalResearcher"
    *   `role`: "Especialista em pesquisa de informações com acesso a uma vasta gama de fontes de dados."
    *   `goal`: "Fornecer informações precisas e relevantes sobre um tópico solicitado."
    *   `backstory`: "Um diligente pesquisador, treinado para encontrar a agulha no palheiro de informações, sempre buscando a verdade e a relevância."
    *   `llm_config`: `{"provider": "openai", "model": "gpt-4o", "temperature": 0.5}` (ou `local_lm_studio`)
*   **Exemplo de Prompt Estruturado:**
    ```
    Você é um Pesquisador Global. Seu objetivo é encontrar informações precisas e relevantes.
    Backstory: Um diligente pesquisador...
    Ferramentas disponíveis: [WebSearchTool, DocumentReaderTool].

    Tarefa: Pesquise os principais recursos e a arquitetura do framework 'CrewAI'.
    Instruções:
    1. Utilize a ferramenta de busca na web para encontrar artigos, documentação oficial e tutoriais.
    2. Identifique os 5 pontos mais importantes sobre seus recursos e como ele funciona.
    3. Apresente os resultados em formato de lista com marcadores, referenciando as fontes.
    ```

##### **3.2.2. Agente Analista (Analyzer)**

*   **Responsabilidades:** Processar e interpretar dados brutos fornecidos pelo Pesquisador, identificar padrões, gerar insights, comparar informações, criar resumos estruturados.
*   **Capacidades:** Ferramentas de processamento de texto (NLTK, spaCy), ferramentas de análise de dados (Pandas, SciPy), ferramentas de visualização (Matplotlib, Plotly).
*   **Configuração:**
    *   `name`: "DataInsightAnalyst"
    *   `role`: "Analista de dados sênior, especializado em extrair insights acionáveis de conjuntos de dados complexos."
    *   `goal`: "Transformar dados brutos em insights claros e objetivos."
    *   `backstory`: "Com um olhar crítico e uma mente lógica, este analista é capaz de ver padrões onde outros veem apenas números, e transformar informações em conhecimento."
    *   `llm_config`: `{"provider": "local_lm_studio", "model": "Llama-3.1-8B-Instruct", "temperature": 0.3}`
*   **Exemplo de Prompt Estruturado:**
    ```
    Você é um Analista de Dados Sênior. Seu objetivo é transformar dados brutos em insights claros.
    Backstory: Com um olhar crítico...
    Ferramentas disponíveis: [PythonInterpreterTool (com Pandas)].

    Tarefa: Analise o seguinte relatório de pesquisa sobre 'CrewAI' e identifique seus 3 pontos mais fortes e 2 pontos mais fracos.
    Relatório:
    [Conteúdo do relatório do Agente Pesquisador]
    Formato de Saída:
    ### Pontos Fortes
    1. [Ponto 1]
    2. [Ponto 2]
    3. [Ponto 3]
    ### Pontos Fracos
    1. [Ponto 1]
    2. [Ponto 2]
    ```

##### **3.2.3. Agente Escritor (Writer)**

*   **Responsabilidades:** Gerar conteúdo textual de alta qualidade com base nas informações fornecidas pelos Agentes Pesquisador e Analista. Adaptação de tom e estilo para diferentes públicos.
*   **Capacidades:** Ferramentas de correção gramatical/ortográfica, ferramentas de formatação (Markdown, HTML), ferramentas de sumarização.
*   **Configuração:**
    *   `name`: "ContentCreator"
    *   `role`: "Escritor técnico e criativo, capaz de elaborar narrativas envolventes e informativas."
    *   `goal`: "Produzir conteúdo textual claro, conciso e impactante."
    *   `backstory`: "Um mestre das palavras, transformando conceitos complexos em histórias fáceis de entender, com foco na comunicação eficaz."
    *   `llm_config`: `{"provider": "openai", "model": "gpt-3.5-turbo", "temperature": 0.7}`
*   **Exemplo de Prompt Estruturado:**
    ```
    Você é um Escritor Técnico. Seu objetivo é produzir conteúdo textual claro e impactante.
    Backstory: Um mestre das palavras...
    Ferramentas disponíveis: [MarkdownFormatterTool].

    Tarefa: Escreva uma postagem de blog de 300 palavras sobre o framework 'CrewAI', utilizando os insights fornecidos.
    Público-alvo: Desenvolvedores de IA iniciantes.
    Tom: Informativo, encorajador e acessível.
    Insights Chave:
    [Saída do Agente Analista - pontos fortes e fracos]
    Estrutura: Introdução, o que é CrewAI, principais recursos, benefícios, considerações, conclusão.
    ```

##### **3.2.4. Agente Validador (Validator)**

*   **Responsabilidades:** Verificar a precisão, coerência, conformidade com requisitos e qualidade da saída de outros agentes. Pode usar regras predefinidas ou consultar fontes externas para validação.
*   **Capacidades:** Ferramentas de verificação de fatos, ferramentas de linting de código, ferramentas de teste (unitário, integração), ferramentas de comparação de texto.
*   **Configuração:**
    *   `name`: "QualityAssuranceAgent"
    *   `role`: "Agente de controle de qualidade rigoroso, assegurando a precisão e conformidade de todo o conteúdo."
    *   `goal`: "Garantir que todas as saídas atendam aos padrões de qualidade e requisitos definidos."
    *   `backstory`: "Com um olho de águia para detalhes e um compromisso inabalável com a excelência, este agente nunca deixa um erro passar despercebido."
    *   `llm_config`: `{"provider": "openai", "model": "gpt-4o", "temperature": 0.1}` (prioriza determinismo)
*   **Exemplo de Prompt Estruturado:**
    ```
    Você é um Agente de Controle de Qualidade. Seu objetivo é garantir a precisão e conformidade das saídas.
    Backstory: Um olho de águia para detalhes...
    Ferramentas disponíveis: [FactCheckTool, GrammarCheckTool].

    Tarefa: Revise a postagem de blog sobre 'CrewAI' para:
    1. Precisão dos fatos sobre o CrewAI.
    2. Clareza e coerência do texto.
    3. Conformidade com o limite de 300 palavras.
    4. Ortografia e gramática.
    5. Adequação ao público-alvo (desenvolvedores iniciantes).
    Postagem de Blog:
    [Saída do Agente Escritor]
    Formato de Saída: Liste os problemas encontrados e sugira correções. Se estiver perfeito, declare "Passou na validação."
    ```

##### **3.2.5. Agente Executor (Executor)**

*   **Responsabilidades:** Executar código, realizar ações no mundo real via APIs, gerenciar arquivos ou automatizar tarefas.
*   **Capacidades:** Interpretadores de código (Python, Bash), ferramentas de manipulação de arquivos, APIs de sistemas externos (ex: GitHub, JIRA, APIs REST customizadas).
*   **Configuração:**
    *   `name`: "CodeExecutor"
    *   `role`: "Especialista em execução de código e automação de tarefas, garantindo que as ações sejam realizadas com precisão."
    *   `goal`: "Executar código e comandos de forma confiável para alcançar resultados operacionais."
    *   `backstory`: "Um engenheiro metódico e preciso, que transforma instruções em ações concretas, sempre verificando a integridade da execução."
    *   `llm_config`: `{"provider": "local_lm_studio", "model": "deepseek-coder-7b-instruct", "temperature": 0.2}`
*   **Exemplo de Prompt Estruturado:**
    ```
    Você é um Executor de Código. Seu objetivo é executar código de forma confiável.
    Backstory: Um engenheiro metódico...
    Ferramentas disponíveis: [PythonInterpreterTool].

    Tarefa: Execute o código Python fornecido e retorne a saída.
    Código:
    ```python
    def fibonacci(n):
        a, b = 0, 1
        for _ in range(n):
            print(a, end=" ")
            a, b = b, a + b
    fibonacci(5)
    ```
    ```

---

### **4. SEÇÃO 4: ANÁLISE DE CÓDIGOS DE PROJETOS ATUAIS**

Esta seção aborda a análise crítica de implementações de agentes existentes, identificando padrões de sucesso e anti-padrões comuns, e propondo refatorações para otimização e resiliência.

#### **4.1. Padrões Identificados e Anti-Padrões**

**Padrões de Sucesso:**
*   **Modularidade de Agentes:** Agentes com responsabilidades claras e bem definidas.
*   **Uso de Ferramentas (Tools):** Delegação eficiente de tarefas não-LLM para ferramentas.
*   **Engenharia de Prompt Estruturada:** Uso de templates, few-shot, CoT, ReAct.
*   **Gerenciamento de Contexto:** Memória de curto e longo prazo bem implementada.
*   **Observabilidade:** Logging detalhado e rastreamento de interações.

**Anti-Padrões Comuns:**
*   **Agentes Monolíticos:** Um único agente tenta fazer tudo, resultando em prompts longos e comportamento inconsistente.
*   **Hardcoding de Credenciais:** Chaves de API e segredos diretamente no código-fonte.
*   **Falta de Tratamento de Erros:** Ausência de `try-except`, retries, ou estratégias de fallback.
*   **Orquestração Rígida:** Fluxos de trabalho sequenciais sem flexibilidade ou capacidade de adaptação.
*   **Prompts Ambíguos:** Instruções vagas que levam a respostas imprevisíveis.
*   **Ausência de Testes:** Falta de testes unitários ou de integração para a lógica do agente.

#### **4.2. Problemas Comuns Encontrados**

##### **4.2.1. Hardcoding de Credenciais**

*   **Problema:** Chaves de API sensíveis expostas diretamente no código ou em arquivos de configuração não versionados.
*   **Riscos:** Vazamento de segurança, violação de dados, uso não autorizado de recursos.

##### **4.2.2. Falta de Tratamento de Erros e Retries**

*   **Problema:** Chamadas de API que falham devido a erros de rede, limites de taxa ou respostas inesperadas do LLM, resultando em falhas completas do sistema.
*   **Sintomas:** Erros `ConnectionError`, `RateLimitExceeded`, `JSONDecodeError` sem tratamento.

##### **4.2.3. Orquestração Rígida**

*   **Problema:** Fluxos de trabalho estáticos que não conseguem se adaptar a condições inesperadas ou novas informações, limitando a inteligência e robustez do sistema.
*   **Sintomas:** Agentes que travam se a entrada não estiver no formato exato esperado.

##### **4.2.4. Prompts Pouco Estruturados**

*   **Problema:** Prompts longos, sem hierarquia, que misturam instruções, contexto e exemplos, levando a confusão do LLM e respostas inconsistentes.
*   **Sintomas:** Respostas irrelevantes, alucinações, ou falha em seguir instruções.

##### **4.2.5. Ausência de Observabilidade**

*   **Problema:** Falta de logging detalhado, rastreamento de chamadas LLM, uso de tokens ou estados dos agentes, dificultando a depuração e otimização.
*   **Sintomas:** Dificuldade em entender por que um agente se comportou de certa forma, "caixa preta" de operação.

##### **4.2.6. Gerenciamento Inadequado de Contexto/Memória**

*   **Problema:** Agentes esquecem informações importantes de interações passadas ou o contexto se torna muito grande e custoso.
*   **Sintomas:** Repetições, inconsistências em diálogos longos, limites de tokens excedidos.

#### **4.3. Refatorações Recomendadas**

*   **Segurança:** Utilizar variáveis de ambiente ou gerenciadores de segredos (`.env`, HashiCorp Vault, AWS Secrets Manager).
*   **Resiliência:** Implementar retries com backoff exponencial, `try-except` robustos, e mecanismos de fallback.
*   **Flexibilidade:** Adotar padrões de orquestração baseados em grafos (LangGraph) ou conversacionais (AutoGen) para maior adaptabilidade.
*   **Clareza:** Usar templates de prompt claros, separar `system`, `human`, `ai` messages, aplicar Zero/Few-shot/CoT/ReAct.
*   **Visibilidade:** Integrar ferramentas de logging (Python `logging`), rastreamento (LangSmith, OpenTelemetry) e métricas.
*   **Eficiência:** Implementar estratégias de memória (RAG, summarization, caching) para gerenciar o contexto de forma otimizada.

#### **4.4. Exemplos de Código Antes/Depois**

##### **4.4.1. Refatoração: Credenciais Seguras**

**Antes (Anti-Padrão):**

```python
# settings.py (ou diretamente no código)
OPENAI_API_KEY = "sk-xxxxxxxxxxxxxxxxxxxxxxxxxxxxxxxxxxxxxxxxxxxxxxxx"
```

**Depois (Melhor Prática):**

```python
# .env (no diretório raiz do projeto)
OPENAI_API_KEY="sk-xxxxxxxxxxxxxxxxxxxxxxxxxxxxxxxxxxxxxxxxxxxxxxxx"

# main.py
import os
from dotenv import load_dotenv

load_dotenv() # Carrega variáveis do .env

OPENAI_API_KEY = os.getenv("OPENAI_API_KEY")
if not OPENAI_API_KEY:
    raise ValueError("OPENAI_API_KEY não configurada nas variáveis de ambiente.")

# Agora, use OPENAI_API_KEY com segurança
# from openai import OpenAI
# client = OpenAI(api_key=OPENAI_API_KEY)
```

##### **4.4.2. Refatoração: Tratamento de Erros e Retries**

**Antes (Anti-Padrão):**

```python
# agent_processor.py
from openai import OpenAI
client = OpenAI(api_key=os.getenv("OPENAI_API_KEY"))

def process_text_simple(text: str):
    response = client.chat.completions.create(
        model="gpt-4o",
        messages=[{"role": "user", "content": text}]
    )
    return response.choices[0].message.content
```

**Depois (Melhor Prática):**

```python
# agent_processor.py
import os
import time
from openai import OpenAI, OpenAIError
from tenacity import retry, stop_after_attempt, wait_exponential

client = OpenAI(api_key=os.getenv("OPENAI_API_KEY"))

@retry(stop=stop_after_attempt(3), wait=wait_exponential(multiplier=1, min=4, max=10))
def process_text_resilient(text: str, model: str = "gpt-4o"):
    try:
        response = client.chat.completions.create(
            model=model,
            messages=[{"role": "user", "content": text}],
            temperature=0.7,
            max_tokens=500
        )
        return response.choices[0].message.content
    except OpenAIError as e:
        print(f"Erro na chamada da OpenAI: {e}")
        raise # Re-raise para que o retry possa tentar novamente
    except Exception as e:
        print(f"Erro inesperado: {e}")
        raise # Para erros não-OpenAI, também re-raise
```

##### **4.4.3. Refatoração: Orquestração Dinâmica (LangGraph/LangChain)**

**Antes (Anti-Padrão - Sequencial Rígido):**

```python
# main.py (pseudo-código)
# Sem tratamento de exceções ou loop dinâmico
def rigid_workflow(user_query):
    research_result = researcher_agent.perform_task(f"Pesquisar sobre: {user_query}")
    if not research_result: return "Falha na pesquisa."
    
    analysis_result = analyzer_agent.perform_task(f"Analisar: {research_result}")
    if not analysis_result: return "Falha na análise."
    
    report = writer_agent.perform_task(f"Escrever relatório: {analysis_result}")
    return report
```

**Depois (Melhor Prática - LangGraph):**

```python
# app.py (exemplo conceitual com LangGraph)
from typing import TypedDict, Annotated, List
from langchain_core.messages import BaseMessage
from langgraph.graph import StateGraph, END

# Define o estado do grafo
class AgentState(TypedDict):
    messages: Annotated[List[BaseMessage], lambda x, y: x + y]
    next: str

# Define os nós (agentes)
def research_node(state: AgentState):
    print("Executando nó de pesquisa...")
    # Lógica do agente pesquisador, chamando tools e LLM
    new_message = "Resultado da pesquisa sobre o tópico X."
    return {"messages": [("ai", new_message)], "next": "analyze"}

def analyze_node(state: AgentState):
    print("Executando nó de análise...")
    # Lógica do agente analista
    new_message = "Análise dos dados da pesquisa: Y."
    return {"messages": [("ai", new_message)], "next": "write"}

def write_node(state: AgentState):
    print("Executando nó de escrita...")
    # Lógica do agente escritor
    new_message = "Relatório final: Z."
    return {"messages": [("ai", new_message)], "next": "final_output"}

# Constrói o grafo
workflow = StateGraph(AgentState)
workflow.add_node("research", research_node)
workflow.add_node("analyze", analyze_node)
workflow.add_node("write", write_node)

workflow.set_entry_point("research")
workflow.add_edge("research", "analyze")
workflow.add_edge("analyze", "write")
workflow.add_edge("write", END) # Fim do fluxo

app = workflow.compile()

# Executa o grafo
# for s in app.stream({"messages": [("human", "Gere um relatório sobre o CrewAI.")]}):
#     print(s)
```

#### **4.5. Checklist de Correções de Código**

| Item                                | Descrição                                                              | Status (S/N/NA) | Responsável | Data Conclusão |
| :---------------------------------- | :--------------------------------------------------------------------- | :-------------- | :---------- | :------------- |
| **SEGURANÇA**                       |                                                                        |                 |             |                |
| Chaves de API via `.env` / Secrets  | Todas as chaves e tokens são carregados de forma segura.               |                 |             |                |
| Validação de entrada de usuário     | Implementada validação para prevenir Prompt Injections.                |                 |             |                |
| **RESILIÊNCIA**                     |                                                                        |                 |             |                |
| Retries com Backoff Exponencial     | Chamadas de API críticas têm mecanismos de retry.                      |                 |             |                |
| Tratamento de `try-except`          | Erros esperados (ex: rede) são tratados graciosamente.                 |                 |             |                |
| Fallbacks para LLMs                 | Se um LLM primário falhar, há um LLM secundário/alternativo.           |                 |             |                |
| **ORQUESTRAÇÃO**                    |                                                                        |                 |             |                |
| Orquestração via Grafo/Eventos      | Fluxos de trabalho são flexíveis, não estáticos e rígidos.             |                 |             |                |
| Separação de Responsabilidades      | Cada agente tem um papel único e bem definido.                         |                 |             |                |
| **PROMPTING**                       |                                                                        |                 |             |                |
| Templates de Prompt Estruturados    | Prompts utilizam roles, goals, context e formatadores.                 |                 |             |                |
| Técnicas Avançadas (Few-shot, CoT)  | Aplicadas onde o raciocínio complexo é necessário.                     |                 |             |                |
| **OBSERVABILIDADE**                 |                                                                        |                 |             |                |
| Logging Detalhado                   | Logs de INFO/DEBUG para chamadas LLM, uso de ferramentas, estados.     |                 |             |                |
| Rastreamento (Tracing)              | Integração com ferramentas como LangSmith ou OpenTelemetry.           |                 |             |                |
| Métricas de Performance             | Coleta de latência, uso de tokens, taxa de erro.                       |                 |             |                |
| **MEMÓRIA/CONTEXTO**                |                                                                        |                 |             |                |
| Gerenciamento de Contexto           | Contexto é gerenciado de forma eficiente (sumarização, RAG).          |                 |             |                |
| Memória de Longo Prazo (RAG)        | Base de conhecimento externa integrada para informações específicas.  |                 |             |                |
| **TESTES**                          |                                                                        |                 |             |                |
| Testes Unitários                    | Cobertura para lógica interna dos agentes e ferramentas.               |                 |             |                |
| Testes de Integração                | Testes para o fluxo completo do sistema multiagente.                   |                 |             |                |
| Dataset de Ouro para Prompts        | Exemplos de entrada-saída para regressão em prompts.                   |                 |             |                |

---

### **5. SEÇÃO 5: IMPLEMENTAÇÃO PRÁTICA**

Esta seção detalha os passos para configurar um ambiente de desenvolvimento robusto para sistemas multiagentes, focando em Mac Silicon, mas com princípios aplicáveis a outras plataformas.

#### **5.1. Setup do Ambiente de Desenvolvimento**

##### **5.1.1. Pré-requisitos de Hardware e Software**

*   **Hardware:**
    *   **Mac Silicon (M1/M2/M3):** Mínimo 16GB RAM (32GB+ recomendado para modelos maiores), 500GB SSD livres.
    *   **Outros (Opcional):** GPU NVIDIA com CUDA (para Linux/Windows), CPU com múltiplos núcleos.
*   **Software Base:**
    *   **Sistema Operacional:** macOS Ventura+ (ou Linux, Windows com WSL2).
    *   **Python:** Versão 3.10 ou superior. (Recomendado 3.11/3.12).
    *   **Gerenciador de Pacotes:** `pip` (vem com Python) ou `conda`.
    *   **Controle de Versão:** `Git`.
    *   **Docker Desktop:** (Opcional, mas recomendado para Open WebUI, ferramentas em contêineres).

##### **5.1.2. Instalação de Ferramentas Essenciais**

1.  **Homebrew (macOS):**
    ```bash
    /bin/bash -c "$(curl -fsSL https://raw.githubusercontent.com/Homebrew/install/HEAD/install.sh)"
    brew install git python@3.11
    ```
2.  **LM Studio (para LLMs Locais):**
    *   Baixe o instalador `.dmg` do site oficial do LM Studio e siga as instruções.
    *   Certifique-se de que a opção "Start server on app launch" está ativada nas configurações para facilitar o uso.
3.  **Open WebUI (Opcional, Interface de Chat):**
    ```bash
    # Instalar Docker Desktop primeiro
    docker run -d -p 3000:8080 --add-host=host.docker.internal:host-gateway -v open-webui:/app/backend/data --name open-webui --restart always ghcr.io/open-webui/open-webui:main
    ```

#### **5.2. Instalação de Dependências Python**

Crie e ative um ambiente virtual para cada projeto.

```bash
# Navegue até o diretório do seu projeto
cd ~/my_agent_project

# Criar ambiente virtual
python3.11 -m venv venv
source venv/bin/activate

# Instalar bibliotecas essenciais
pip install -U pip wheel setuptools

# Frameworks de Agentes (escolha um ou vários conforme o projeto)
pip install langchain langchain-openai langchain-community langgraph crewai autogen
# Para uso local com PyTorch no Apple Silicon
pip install torch torchvision torchaudio --index-url https://download.pytorch.org/whl/cpu # ou metal se for usar MLX
pip install mlx mlx-lm # Se for usar MLX para modelos
# Utilidades
pip install python-dotenv requests beautifulsoup4 accelerate huggingface-hub sentence-transformers
# Logging e Debugging
pip install tenacity loguru
# Se for usar LangSmith
pip install langsmith
```

#### **5.3. Configuração de Variáveis de Ambiente**

Crie um arquivo `.env` na raiz do seu projeto para armazenar chaves de API e outras configurações sensíveis.

```
# .env
OPENAI_API_KEY="sk-..."
HUGGINGFACEHUB_API_TOKEN="hf_..."
# Opcional: para customizar o endpoint do LM Studio
LM_STUDIO_BASE_URL="http://localhost:1234/v1"
```

Em seu código Python, carregue estas variáveis:

```python
# main.py
from dotenv import load_dotenv
import os

load_dotenv()

# Exemplo de acesso
openai_api_key = os.getenv("OPENAI_API_KEY")
hf_token = os.getenv("HUGGINGFACEHUB_API_TOKEN")
lm_studio_url = os.getenv("LM_STUDIO_BASE_URL", "http://localhost:1234/v1") # Valor padrão
```

#### **5.4. Scripts de Inicialização de Projeto**

Um script `setup.sh` pode automatizar a criação do ambiente virtual e a instalação de dependências.

```bash
#!/bin/bash
# setup.sh

echo "Configurando ambiente de projeto para multiagentes..."

# 1. Cria ambiente virtual se não existir
if [ ! -d "venv" ]; then
    echo "Criando ambiente virtual 'venv'..."
    python3.11 -m venv venv
else
    echo "Ambiente virtual 'venv' já existe."
fi

# 2. Ativa o ambiente virtual
source venv/bin/activate
echo "Ambiente virtual 'venv' ativado."

# 3. Atualiza pip e instala dependências
echo "Atualizando pip e instalando dependências..."
pip install -U pip wheel setuptools
pip install -r requirements.txt

# 4. Verifica .env
if [ ! -f ".env" ]; then
    echo "AVISO: Arquivo .env não encontrado. Crie um e preencha suas chaves de API."
    touch .env
    echo 'OPENAI_API_KEY="SUA_CHAVE_AQUI"' >> .env
    echo 'HUGGINGFACEHUB_API_TOKEN="SEU_TOKEN_AQUI"' >> .env
    echo 'LM_STUDIO_BASE_URL="http://localhost:1234/v1"' >> .env
else
    echo "Arquivo .env encontrado."
fi

echo "Setup concluído. Para começar a desenvolver, execute 'source venv/bin/activate'."
```
**`requirements.txt`:**
```
langchain
langchain-openai
langchain-community
langgraph
crewai
autogen
python-dotenv
requests
beautifulsoup4
tenacity
loguru
# Dependências específicas para LLMs locais
torch
mlx
mlx-lm
huggingface-hub
sentence-transformers
```

#### **5.5. Testes e Validação Inicial**

Após a configuração, execute um script de teste simples para verificar se os LLMs e o ambiente estão funcionando.

```python
# test_environment.py
import os
from dotenv import load_dotenv
from langchain_openai import ChatOpenAI
from langchain_core.messages import SystemMessage, HumanMessage

load_dotenv()

def test_openai_connection():
    try:
        api_key = os.getenv("OPENAI_API_KEY")
        if not api_key:
            print("❌ OPENAI_API_KEY não configurada. Pulando teste OpenAI.")
            return

        llm = ChatOpenAI(model="gpt-3.5-turbo", temperature=0.7, api_key=api_key)
        response = llm.invoke([
            SystemMessage(content="Você é um assistente de teste."),
            HumanMessage(content="Qual é o resultado de 2+2?")
        ])
        print(f"✅ OpenAI (gpt-3.5-turbo) testado com sucesso: {response.content[:50]}...")
    except Exception as e:
        print(f"❌ Falha no teste OpenAI: {e}")

def test_lm_studio_connection():
    try:
        base_url = os.getenv("LM_STUDIO_BASE_URL", "http://localhost:1234/v1")
        # openai_api_key é um placeholder, LM Studio não exige para auth
        llm = ChatOpenAI(model="local-model", openai_api_key="not-needed", base_url=base_url)
        response = llm.invoke([
            SystemMessage(content="Você é um assistente de teste local."),
            HumanMessage(content="Qual é a capital da França?")
        ])
        print(f"✅ LM Studio (local-model) testado com sucesso: {response.content[:50]}...")
    except Exception as e:
        print(f"❌ Falha no teste LM Studio. Certifique-se de que o servidor está rodando em {base_url}. Erro: {e}")

if __name__ == "__main__":
    test_openai_connection()
    print("-" * 30)
    test_lm_studio_connection()
```

---

### **6. SEÇÃO 6: INTEGRAÇÃO COM NOTEBOOKLM**

O Google NotebookLM é uma ferramenta poderosa para organizar e sintetizar informações, especialmente quando alimentada com documentos bem estruturados. Para GEM_EXPERT, a integração eficaz com o NotebookLM é crucial para criar uma base de conhecimento otimizada para análise de IA.

#### **6.1. Como Estruturar Documentos para NotebookLM**

Para maximizar a utilidade de qualquer documento no NotebookLM, a estrutura e a clareza são fundamentais.
*   **Hierarquia de Títulos:** Use títulos (H1, H2, H3, etc.) de forma consistente para indicar a estrutura do conteúdo. Isso ajuda o NotebookLM a entender as seções e subtópicos.
*   **Parágrafos Concisos:** Divida informações complexas em parágrafos curtos e focados. Cada parágrafo deve abordar uma ideia principal.
*   **Listas com Marcadores e Numeradas:** Utilize listas para apresentar informações de forma clara e digerível. Isso facilita a extração de pontos-chave pelo NotebookLM.
*   **Tabelas:** Sempre que possível, organize dados comparativos ou estruturados em tabelas. O NotebookLM é excelente na interpretação de dados tabulares.
*   **Exemplos de Código:** Apresente exemplos de código em blocos dedicados, com comentários claros. O NotebookLM pode analisar código para extrair funcionalidade e contexto.
*   **Resumos Iniciais:** Comece cada seção principal com um breve resumo de seu conteúdo. Isso fornece um "mapa" para o NotebookLM.

#### **6.2. Melhores Práticas de Formatação para NotebookLM**

*   **Consistência:** Mantenha um estilo de formatação consistente em todo o documento.
*   **Espaçamento:** Utilize espaçamento adequado entre parágrafos e seções para melhorar a legibilidade.
*   **Negrito e Itálico:** Use negrito para termos importantes e itálico para ênfase ou nomes de ferramentas/conceitos.
*   **Links Internos e Externos:** Inclua referências cruzadas dentro do documento e links para recursos externos relevantes.
*   **Evite Ambiguidade:** Seja explícito e evite jargões desnecessários ou frases ambíguas que possam confundir a IA.
*   **Glossário de Termos:** Inclua um glossário de termos técnicos, mesmo que seja parte integrante do documento.

#### **6.3. Otimização para Análise de IA (GEM_EXPERT)**

Para que o GEM_EXPERT (e o NotebookLM) possa analisar e sintetizar informações de forma mais eficaz:
*   **Definições Claras:** Para cada conceito novo (ex: "Orchestrator", "Few-shot Prompting"), forneça uma definição clara e concisa no início da discussão.
*   **Casos de Uso Explícitos:** Descreva claramente os cenários onde cada técnica ou componente é aplicável.
*   **Vantagens e Desvantagens:** Para cada abordagem, liste suas vantagens e desvantagens de forma estruturada.
*   **Metadados Implícitos:** Embora não sejam metadados formais, a estrutura de títulos, resumos e listas atua como metadados implícitos que o NotebookLM usa para criar seu grafo de conhecimento.
*   **Perguntas Implícitas:** Ao final de seções complexas, você pode incluir "pontos de reflexão" ou "perguntas a serem respondidas" que guiam a IA na extração de informações.

#### **6.4. Exemplos de Prompts Efetivos para NotebookLM**

Aqui estão exemplos de como interagir com o NotebookLM para extrair o máximo valor deste documento:

*   **Extração de Conceitos:**
    *   `"Liste os componentes principais de uma arquitetura multiagente e suas responsabilidades."`
    *   `"Quais são os padrões de coordenação entre agentes e quando devo usar cada um?"`
*   **Comparação:**
    *   `"Crie uma tabela comparando LangChain, AutoGen e CrewAI com base em seus pontos fortes e fracos para sistemas multiagentes."` (Embora não explicitamente neste documento, NotebookLM pode cruzar com outros documentos que você adicionou).
    *   `"Qual a diferença entre prompting Zero-shot e Few-shot?"`
*   **Solução de Problemas:**
    *   `"Quais são os problemas comuns ao usar credenciais de API em projetos de IA e como corrigi-los?"`
    *   `"Meu agente LangChain está falhando em chamadas de API. Quais são os passos para depurar isso?"`
*   **Geração de Conteúdo (usando o documento como base):**
    *   `"Usando este documento, escreva um resumo de 200 palavras sobre as melhores práticas para logging e monitoramento em sistemas multiagentes."`
    *   `"Crie um roteiro de 3 meses para a implementação de um sistema multiagente focado em pesquisa de mercado, baseando-se nos passos descritos neste documento."`
*   **Análise de Código:**
    *   `"Análise o exemplo de código para tratamento de erros (`process_text_resilient`) e explique cada parte."`
    *   `"Identifique os anti-padrões de código descritos e sugira uma estratégia para evitá-los em novos projetos."`

---

### **7. SEÇÃO 7: MELHORES PRÁTICAS**

#### **7.1. Padrões de Design para Multiagentes**

*   **Separação de Preocupações (SoC):** Cada agente deve ter uma única responsabilidade clara. Evite agentes "faz-tudo".
*   **Acoplamento Flexível:** Agentes devem interagir através de interfaces bem definidas (mensagens, APIs), minimizando dependências diretas.
*   **Orquestração Centrada em Eventos/Grafo:** Prefira sistemas que reagem a eventos ou seguem um grafo de estado sobre fluxos de trabalho rígidos.
*   **Autonomia com Supervisão:** Agentes devem operar de forma autônoma, mas com mecanismos de supervisão ou fallback para interrupção humana ou correção.
*   **Ferramentas como Serviços:** Trate as ferramentas como microsserviços acessíveis, encapsulando sua lógica e expondo uma interface LLM-friendly.
*   **Memória Contextual:** Implemente memória de curto e longo prazo de forma inteligente para manter o contexto sem sobrecarregar o LLM.

#### **7.2. Tratamento de Erros e Resiliência**

*   **Retries com Backoff Exponencial:** Use bibliotecas como `tenacity` para chamadas de API instáveis.
*   **Circuit Breaker Pattern:** Implemente para evitar sobrecarregar serviços externos que estão falhando repetidamente.
*   **Fallbacks:** Tenha estratégias alternativas para quando um serviço ou LLM principal falhar (ex: mudar para um modelo mais simples, ou para um local).
*   **Validação de Saída:** Valide as saídas do LLM (JSON, formato de texto) para garantir que estejam conforme o esperado antes de usá-las.
*   **Mecanismos de Reversão:** Se uma ação crítica for executada por um agente, tenha um plano para revertê-la em caso de erro.

#### **7.3. Logging e Monitoramento**

*   **Logging Estruturado:** Utilize formatos como JSON para logs, facilitando a análise e consulta.
*   **Níveis de Log:** Use `DEBUG`, `INFO`, `WARNING`, `ERROR`, `CRITICAL` apropriadamente.
*   **Rastreamento (Tracing):** Integre ferramentas de tracing (LangSmith para LangChain, OpenTelemetry) para visualizar o fluxo completo de interação dos agentes, chamadas de LLM, uso de ferramentas e consumo de tokens.
*   **Métricas:** Monitore KPIs como latência de chamadas LLM, taxa de erros por agente, consumo de tokens por tarefa, e tempo de execução do workflow.
*   **Alertas:** Configure alertas para falhas críticas, limites de taxa ou comportamento anômalo.

#### **7.4. Segurança e Privacidade**

*   **Gerenciamento de Segredos:** Nunca hardcode chaves de API. Use variáveis de ambiente (`.env`) ou gerenciadores de segredos (Kubernetes Secrets, HashiCorp Vault).
*   **Validação de Entrada:** Valide rigorosamente todas as entradas do usuário para prevenir ataques de Prompt Injection.
*   **Filtro de Saída:** Implemente filtros para evitar que o LLM vaze informações sensíveis ou gere conteúdo inadequado.
*   **Controle de Acesso:** Defina permissões claras para agentes e ferramentas. Um agente não deve ter acesso a ferramentas ou dados além de sua responsabilidade.
*   **Anonimização de Dados:** Se aplicável, anonimize dados sensíveis antes de passá-los aos LLMs ou agentes.
*   **Modelos Locais para Dados Sensíveis:** Considere usar LLMs locais (LM Studio) para processar dados altamente confidenciais.

#### **7.5. Performance e Otimização**

*   **Seleção de Modelo Adequado:** Use o LLM de menor custo e menor latência que ainda atenda aos requisitos de qualidade da tarefa (ex: `gpt-3.5-turbo` para tarefas simples, `gpt-4o` para complexas, modelos locais menores para prototipagem).
*   **Otimização de Prompts:** Prompts mais curtos e diretos reduzem o custo e a latência. Utilize CoT ou ReAct apenas quando o raciocínio complexo for realmente necessário.
*   **Paralelismo:** Onde possível, execute tarefas de agentes em paralelo.
*   **Caching:** Cachear resultados de chamadas de LLM ou ferramentas para tarefas repetitivas.
*   **Sumarização de Contexto:** Resuma o histórico da conversa ou o contexto da memória para evitar exceder o limite de tokens.
*   **Fine-tuning (quando apropriado):** Para tarefas altamente específicas e repetitivas, o fine-tuning de um modelo menor pode superar um modelo maior não ajustado em performance e custo.

---

### **8. SEÇÃO 8: TROUBLESHOOTING E FAQ**

#### **8.1. Problemas Comuns e Soluções**

| Problema                               | Causa Provável                                            | Solução                                                                                                                                                                  |
| :------------------------------------- | :-------------------------------------------------------- | :----------------------------------------------------------------------------------------------------------------------------------------------------------------------- |
| **API Key inválida/não encontrada**    | `.env` mal configurado, variável de ambiente não carregada. | Verifique o arquivo `.env` e o código de carregamento (`load_dotenv()`, `os.getenv()`). Assegure que o terminal está ativado com o ambiente virtual.                          |
| **Rate Limit Exceeded (OpenAI)**       | Muitas requisições em pouco tempo.                        | Implemente retries com backoff exponencial (`tenacity`). Aumente o limite de taxa na conta OpenAI se necessário.                                                              |
| **Agente entra em loop infinito**      | Prompt ambíguo, falta de condição de parada, má orquestração. | Refine o prompt com instruções claras de parada. Use `max_iterations` nos frameworks. Monitore o estado do agente e o histórico da conversa.                                 |
| **LM Studio não responde/erro 404**    | Servidor LM Studio não iniciado, URL base incorreta.      | Verifique se o aplicativo LM Studio está rodando e o servidor local (`http://localhost:1234`) está ativo. Confirme `base_url` na configuração do LLM.                       |
| **Saída do LLM inconsistente**         | Temperatura alta, prompt vago, falta de exemplos.         | Reduza `temperature` (ex: 0.2-0.5). Adicione exemplos few-shot. Estruture o prompt com papéis e objetivos claros.                                                         |
| **`max_tokens` excedido**              | Prompt/resposta muito longos, contexto não gerenciado.    | Reduza a entrada do prompt, implemente sumarização de memória, ajuste `max_tokens` na chamada do LLM.                                                                       |
| **Agente não usa a ferramenta esperada** | Prompt da ferramenta ambíguo, falta de exemplos tool-use. | Verifique a descrição da ferramenta. Inclua exemplos few-shot de como o agente deve usar a ferramenta no prompt. Force a ferramenta se necessário (em frameworks como LangChain). |
| **Erros de JSONDecodeError**           | LLM gerou JSON inválido.                                  | Instrua explicitamente o LLM a produzir JSON válido no prompt. Use `output_parsers` ou retries para tentar novamente.                                                        |

#### **8.2. Perguntas Frequentes (FAQ)**

**P1: Qual framework multiagente devo escolher?**
*   **R:** Depende do projeto.
    *   **LangChain/LangGraph:** Para fluxos de trabalho complexos, RAG avançado, necessidade de controle granular.
    *   **AutoGen:** Para colaboração conversacional entre agentes, tarefas com uso intensivo de código.
    *   **CrewAI:** Para prototipagem rápida, estruturas de equipe baseadas em papéis, workflows mais estruturados.
    *   Consulte a **Tabela 1: Análise Comparativa de Frameworks Agênticos** na Seção 1.3.

**P2: Posso usar modelos locais no meu Mac Silicon?**
*   **R:** Sim, o LM Studio permite rodar modelos GGUF (quantizados) localmente, aproveitando o hardware Apple Silicon. Instale LM Studio e aponte seu `ChatOpenAI` para `base_url="http://localhost:1234/v1"`.

**P3: Como gerencio a memória dos meus agentes?**
*   **R:**
    *   **Curto Prazo:** Mantenha o histórico da conversa recente no prompt.
    *   **Longo Prazo:** Implemente RAG com bancos de dados vetoriais (ex: Chroma, FAISS) para que os agentes possam recuperar informações relevantes de uma base de conhecimento externa.

**P4: Como garanto que meus agentes são seguros?**
*   **R:** Use variáveis de ambiente para segredos, valide todas as entradas do usuário, filtre saídas potencialmente prejudiciais, e use controle de acesso para ferramentas.

**P5: Como faço para depurar sistemas multiagentes?**
*   **R:** Utilize ferramentas de rastreamento (LangSmith), logging detalhado (`verbose=True` em frameworks, `loguru`), e monitore o estado de cada agente e o histórico de comunicação.

#### **8.3. Recursos Adicionais**

*   **Documentação Oficial:**
    *   [LangChain Documentation](https://python.langchain.com/docs/get_started/)
    *   [AutoGen Documentation](https://microsoft.github.io/autogen/)
    *   [CrewAI Documentation](https://docs.crewai.com/)
    *   [LM Studio](https://lmstudio.ai/)
    *   [Hugging Face Hub](https://huggingface.co/docs)
*   **Comunidades:**
    *   Fóruns da Hugging Face
    *   Discord do LangChain, AutoGen, CrewAI
*   **Cursos Online:** Coursera, DeepLearning.AI, Udemy sobre Engenharia de Prompts e LLMs.

---

### **9. SEÇÃO 9: CONCLUSÕES E PRÓXIMOS PASSOS**

#### **9.1. Resumo Executivo**

Este documento estabeleceu um blueprint abrangente para o desenvolvimento de sistemas multiagentes, cobrindo desde a seleção de framework e configuração de ambiente até a engenharia avançada de prompts e melhores práticas de produção. Enfatizamos a importância de uma arquitetura modular, orquestração flexível e uma comunicação clara entre agentes. A análise de códigos de projetos existentes revelou anti-padrões comuns e forneceu refatorações concretas, enquanto as melhores práticas abordaram resiliência, segurança, observabilidade e performance. A integração com o NotebookLM foi detalhada para criar uma base de conhecimento robusta e otimizada para o GEM_EXPERT.

#### **9.2. Recomendações Finais**

1.  **Comece Pequeno, Escale Gradualmente:** Inicie com um agente único ou um sistema multiagente sequencial simples, e adicione complexidade (paralelismo, hierarquia) conforme a necessidade.
2.  **Itere nos Prompts:** A engenharia de prompts é um processo iterativo. Teste, refine e reutilize templates.
3.  **Priorize Observabilidade:** Implemente logging e rastreamento desde o início para facilitar a depuração e otimização.
4.  **Segurança em Primeiro Lugar:** Adote práticas seguras de gerenciamento de segredos e validação de entrada/saída.
5.  **Aproveite Modelos Locais:** Utilize LM Studio para prototipagem rápida e desenvolvimento offline, economizando custos e garantindo privacidade.

#### **9.3. Roadmap Futuro para GEM_EXPERT**

1.  **Módulo de Avaliação e Benchmarking:** Desenvolver métodos padronizados para avaliar a performance de sistemas multiagentes, incluindo métricas de raciocínio, acurácia e custo.
2.  **Agentes Multimodais:** Expandir a arquitetura para incluir agentes capazes de processar e gerar informações em múltiplos formatos (texto, imagem, áudio, vídeo).
3.  **Aprendizado e Adaptação de Agentes:** Explorar técnicas onde os agentes podem aprender e adaptar seus comportamentos e prompts ao longo do tempo (ex: RAG-Fusion, feedback loop contínuo).
4.  **Framework de Simulação:** Criar um ambiente simulado para testar e otimizar interações multiagentes em cenários complexos antes da implantação.
5.  **Integração de Ferramentas Nativas:** Desenvolver wrappers para ferramentas internas do Google Cloud ou de projetos específicos do GEM_EXPERT, facilitando a ação dos agentes.

#### **9.4. Contatos e Suporte**

Para dúvidas, feedback ou suporte técnico, entre em contato com:
*   **Equipe de Arquitetura de IA:** ia-arch@gemexpert.com
*   **Equipe de Desenvolvimento:** dev-ai@gemexpert.com
*   **Canal Interno:** #multiagent-development no Google Chat

---

### **Glossário Técnico**

*   **Agent (Agente):** Entidade autônoma de IA com papel, objetivo e ferramentas específicos.
*   **AutoGen:** Framework Microsoft para sistemas multiagentes conversacionais.
*   **Backoff Exponencial:** Estratégia de retry que aumenta o tempo de espera entre as tentativas.
*   **CoT (Chain-of-Thought):** Técnica de prompting que instrui o LLM a raciocinar passo a passo.
*   **CrewAI:** Framework para construir sistemas multiagentes baseados em papéis.
*   **Fine-tuning:** Processo de treinar um modelo pré-treinado em um dataset específico para uma tarefa particular.
*   **Few-shot Prompting:** Fornecer ao LLM exemplos de entrada/saída para orientar sua resposta.
*   **GGUF:** Formato de arquivo para modelos de linguagem grandes otimizados para execução em CPUs, GPUs Apple Silicon, etc.
*   **LangChain:** Framework abrangente para desenvolver aplicações com LLMs.
*   **LangGraph:** Extensão do LangChain para construir fluxos de trabalho multiagentes baseados em grafos de estado.
*   **LLM (Large Language Model):** Modelo de linguagem grande.
*   **LM Studio:** Aplicativo desktop para executar LLMs locais.
*   **Multiagent System (MAS):** Sistema onde múltiplos agentes colaboram para um objetivo.
*   **Orchestrator:** Componente central que gerencia e coordena os agentes.
*   **Prompt Engineering:** Arte e ciência de criar prompts eficazes para LLMs.
*   **Prompt Injection:** Ataque onde a entrada do usuário manipula o LLM.
*   **RAG (Retrieval Augmented Generation):** Técnica que combina recuperação de informações com geração de texto por LLM.
*   **Rate Limiting:** Restrições no número de requisições que podem ser feitas a uma API em um período.
*   **ReAct (Reason + Act):** Paradigma de prompting onde o LLM intercala raciocínio com ações de ferramenta.
*   **Tool (Ferramenta):** Função externa que um agente pode chamar.
*   **Zero-shot Prompting:** Instruir o LLM a realizar uma tarefa sem exemplos.

---
### **<End of Document>**